index,subgraph_nodes,fig_name,subgraph_text,subgraph_html
0,"['PeopleX almost have the watermark', ""PersonX should see franklin 's face clearly""]",20220516-205007-batch-0-subgraph-0.jpg,PersonX should see franklin 's face clearly is an exception of PeopleX almost have the watermark.,"<span style=""color:red;"">PersonX should see franklin 's face clearly</span> is an exception of <span style=""color:red;"">PeopleX almost have the watermark</span>."
1,"['PersonX want to play at level', 'PersonX want to play in league']",20220516-205007-batch-0-subgraph-1.jpg,PersonX want to play at level and PersonX want to play in league both happen.,"<span style=""color:red;"">PersonX want to play at level</span> and <span style=""color:red;"">PersonX want to play in league</span> both happen."
2,"['PersonX turn on PersonX elbow', 'PersonX could look up at PersonY']",20220516-205007-batch-0-subgraph-2.jpg,PersonX turn on PersonX elbow result in PersonX could look up at PersonY.,"<span style=""color:red;"">PersonX turn on PersonX elbow</span> result in <span style=""color:red;"">PersonX could look up at PersonY</span>."
3,"['PersonX have not yet return', 'PersonY go to bed']",20220516-205007-batch-0-subgraph-3.jpg,PersonX have not yet return happens the same time as PersonY go to bed.,"<span style=""color:red;"">PersonX have not yet return</span> happens the same time as <span style=""color:red;"">PersonY go to bed</span>."
4,"['people do not have free will', 'PersonX say something']",20220516-205007-batch-0-subgraph-4.jpg,people do not have free will happens before PersonX say something.,"<span style=""color:red;"">people do not have free will</span> happens before <span style=""color:red;"">PersonX say something</span>."
5,"['will PersonX stand by PersonY', 'PersonY show PersonX the way']",20220516-205007-batch-0-subgraph-5.jpg,"When PersonY show PersonX the way happens, will PersonX stand by PersonY can happen.","When <span style=""color:red;"">PersonY show PersonX the way</span> happens, <span style=""color:red;"">will PersonX stand by PersonY</span> can happen."
6,"['PersonX have to talk to manager', 'PersonX need to know']",20220516-205007-batch-0-subgraph-6.jpg,PersonX have to talk to manager happens because PersonX need to know.,"<span style=""color:red;"">PersonX have to talk to manager</span> happens because <span style=""color:red;"">PersonX need to know</span>."
7,"['maybe PersonX should repackage PeopleX', 'PersonX get PeopleX']",20220516-205007-batch-0-subgraph-7.jpg,maybe PersonX should repackage PeopleX happens the same time as PersonX get PeopleX.,"<span style=""color:red;"">maybe PersonX should repackage PeopleX</span> happens the same time as <span style=""color:red;"">PersonX get PeopleX</span>."
8,"['recently PersonX have', 'PersonX feel comfortable']",20220516-205007-batch-0-subgraph-8.jpg,recently PersonX have happens after PersonX feel comfortable.,"<span style=""color:red;"">recently PersonX have</span> happens after <span style=""color:red;"">PersonX feel comfortable</span>."
9,"['PeopleX be no good to PersonY', 'PersonY do not make any']",20220516-205007-batch-0-subgraph-9.jpg,"When PersonY do not make any happens, PeopleX be no good to PersonY can happen.","When <span style=""color:red;"">PersonY do not make any</span> happens, <span style=""color:red;"">PeopleX be no good to PersonY</span> can happen."
10,"['PersonY find a leopard', 'PersonY aunt elizabeth will not be angry at PersonY']",20220516-205007-batch-0-subgraph-10.jpg,PersonY find a leopard result in PersonY aunt elizabeth will not be angry at PersonY.,"<span style=""color:red;"">PersonY find a leopard</span> result in <span style=""color:red;"">PersonY aunt elizabeth will not be angry at PersonY</span>."
11,"['a long time seem to pass', 'the daylight come']",20220516-205007-batch-0-subgraph-11.jpg,a long time seem to pass happens before the daylight come.,"<span style=""color:red;"">a long time seem to pass</span> happens before <span style=""color:red;"">the daylight come</span>."
12,"['PersonY turn off the light', 'the kid come out']",20220516-205007-batch-0-subgraph-12.jpg,PersonY turn off the light happens before the kid come out.,"<span style=""color:red;"">PersonY turn off the light</span> happens before <span style=""color:red;"">the kid come out</span>."
13,"['PeopleX plonk', 'PeopleX do not want to sexualise PersonX']",20220516-205007-batch-0-subgraph-13.jpg,PeopleX plonk happens because PeopleX do not want to sexualise PersonX.,"<span style=""color:red;"">PeopleX plonk</span> happens because <span style=""color:red;"">PeopleX do not want to sexualise PersonX</span>."
14,"['PersonY want to be a detective', 'PersonY be in the traffic department']",20220516-205007-batch-0-subgraph-14.jpg,PersonY want to be a detective happens after PersonY be in the traffic department.,"<span style=""color:red;"">PersonY want to be a detective</span> happens after <span style=""color:red;"">PersonY be in the traffic department</span>."
15,"['PersonY be a big group', 'PersonY be look for something', 'PersonY be at the restaurant']",20220516-205007-batch-0-subgraph-15.jpg,PersonY be a big group is an alternative situation to PersonY be look for something. PersonY be a big group result in PersonY be at the restaurant.,"<span style=""color:red;"">PersonY be a big group</span> is an alternative situation to <span style=""color:red;"">PersonY be look for something</span>.<br><span style=""color:red;"">PersonY be a big group</span> result in <span style=""color:red;"">PersonY be at the restaurant</span>."
16,"['the duke be glad', 'PersonX have gain a kingdom', 'PersonY have gain a kingdom']",20220516-205007-batch-0-subgraph-16.jpg,PersonX have gain a kingdom happens although the duke be glad. PersonY have gain a kingdom happens although the duke be glad.,"<span style=""color:red;"">PersonX have gain a kingdom</span> happens although <span style=""color:red;"">the duke be glad</span>.<br><span style=""color:red;"">PersonY have gain a kingdom</span> happens although <span style=""color:red;"">the duke be glad</span>."
17,"[""wayne 's world be a better movie than powers"", 'PersonX will kill PersonX', 'PersonY will kill PersonY']",20220516-205007-batch-0-subgraph-17.jpg,wayne 's world be a better movie than powers is an alternative situation to PersonX will kill PersonX. wayne 's world be a better movie than powers is an alternative situation to PersonY will kill PersonY.,"<span style=""color:red;"">wayne 's world be a better movie than powers</span> is an alternative situation to <span style=""color:red;"">PersonX will kill PersonX</span>.<br><span style=""color:red;"">wayne 's world be a better movie than powers</span> is an alternative situation to <span style=""color:red;"">PersonY will kill PersonY</span>."
18,"['PersonY will give PersonX hell', 'PersonX wake PersonY up again', 'PersonY get PersonX in squad']",20220516-205007-batch-0-subgraph-18.jpg,"When PersonX wake PersonY up again happens, PersonY will give PersonX hell can happen. When PersonY get PersonX in squad happens, PersonY will give PersonX hell can happen.","When <span style=""color:red;"">PersonX wake PersonY up again</span> happens, <span style=""color:red;"">PersonY will give PersonX hell</span> can happen.<br>When <span style=""color:red;"">PersonY get PersonX in squad</span> happens, <span style=""color:red;"">PersonY will give PersonX hell</span> can happen."
19,"['maybe PeopleX should set up a date', 'PersonX can help', 'PersonY can help']",20220516-205007-batch-0-subgraph-19.jpg,maybe PeopleX should set up a date and PersonX can help both happen. maybe PeopleX should set up a date and PersonY can help both happen.,"<span style=""color:red;"">maybe PeopleX should set up a date</span> and <span style=""color:red;"">PersonX can help</span> both happen.<br><span style=""color:red;"">maybe PeopleX should set up a date</span> and <span style=""color:red;"">PersonY can help</span> both happen."
20,"['PersonX have a fantastic experience', 'PersonX look good', 'PersonX be disappointed']",20220516-205007-batch-0-subgraph-20.jpg,PersonX have a fantastic experience result in PersonX look good. PersonX have a fantastic experience result in PersonX be disappointed.,"<span style=""color:red;"">PersonX have a fantastic experience</span> result in <span style=""color:red;"">PersonX look good</span>.<br><span style=""color:red;"">PersonX have a fantastic experience</span> result in <span style=""color:red;"">PersonX be disappointed</span>."
21,"['tommy robinson go to jail', 'PersonX go to jail', 'PersonY go to jail']",20220516-205007-batch-0-subgraph-21.jpg,tommy robinson go to jail and PersonX go to jail both happen. tommy robinson go to jail and PersonY go to jail both happen.,"<span style=""color:red;"">tommy robinson go to jail</span> and <span style=""color:red;"">PersonX go to jail</span> both happen.<br><span style=""color:red;"">tommy robinson go to jail</span> and <span style=""color:red;"">PersonY go to jail</span> both happen."
22,"['PersonY be a better PersonZ than PersonA', 'PersonX repeat', 'PersonX tell PersonA night']",20220516-205007-batch-0-subgraph-22.jpg,PersonY be a better PersonZ than PersonA happens the same time as PersonX repeat. PersonY be a better PersonZ than PersonA and PersonX repeat both happen. PersonY be a better PersonZ than PersonA happens the same time as PersonX tell PersonA night.,"<span style=""color:red;"">PersonY be a better PersonZ than PersonA</span> happens the same time as <span style=""color:red;"">PersonX repeat</span>.<br><span style=""color:red;"">PersonY be a better PersonZ than PersonA</span> and <span style=""color:red;"">PersonX repeat</span> both happen.<br><span style=""color:red;"">PersonY be a better PersonZ than PersonA</span> happens the same time as <span style=""color:red;"">PersonX tell PersonA night</span>."
23,"['PersonY recollect PersonX', 'PersonX be a girl', 'PersonY may forget the rest']",20220516-205007-batch-0-subgraph-23.jpg,"PersonY recollect PersonX happens the same time as PersonX be a girl. When PersonY may forget the rest happens, PersonY recollect PersonX can happen.","<span style=""color:red;"">PersonY recollect PersonX</span> happens the same time as <span style=""color:red;"">PersonX be a girl</span>.<br>When <span style=""color:red;"">PersonY may forget the rest</span> happens, <span style=""color:red;"">PersonY recollect PersonX</span> can happen."
24,"['PersonX have say to myself', 'PersonX should kill myself', 'PersonX want to take PersonX leave']",20220516-205007-batch-0-subgraph-24.jpg,"PersonX have say to myself is an alternative situation to PersonX should kill myself. When PersonX want to take PersonX leave happens, PersonX have say to myself can happen.","<span style=""color:red;"">PersonX have say to myself</span> is an alternative situation to <span style=""color:red;"">PersonX should kill myself</span>.<br>When <span style=""color:red;"">PersonX want to take PersonX leave</span> happens, <span style=""color:red;"">PersonX have say to myself</span> can happen."
25,"['eisenhower tell a reporter', 'PersonX would not be a american', 'PersonY would not be a american']",20220516-205007-batch-0-subgraph-25.jpg,eisenhower tell a reporter is an alternative situation to PersonX would not be a american. eisenhower tell a reporter is an alternative situation to PersonY would not be a american.,"<span style=""color:red;"">eisenhower tell a reporter</span> is an alternative situation to <span style=""color:red;"">PersonX would not be a american</span>.<br><span style=""color:red;"">eisenhower tell a reporter</span> is an alternative situation to <span style=""color:red;"">PersonY would not be a american</span>."
26,"['PeopleX can get approval', 'PeopleX have PersonX', 'PeopleX have PersonY']",20220516-205007-batch-0-subgraph-26.jpg,PeopleX can get approval is an alternative situation to PeopleX have PersonX. PeopleX can get approval is an alternative situation to PeopleX have PersonY.,"<span style=""color:red;"">PeopleX can get approval</span> is an alternative situation to <span style=""color:red;"">PeopleX have PersonX</span>.<br><span style=""color:red;"">PeopleX can get approval</span> is an alternative situation to <span style=""color:red;"">PeopleX have PersonY</span>."
27,"['PersonX be try to make PersonY feel better', 'the part be', 'PersonX be confuse about']",20220516-205007-batch-0-subgraph-27.jpg,PersonX be try to make PersonY feel better and the part be share significant difference regarding some property. PersonX be try to make PersonY feel better and PersonX be confuse about share significant difference regarding some property.,"<span style=""color:red;"">PersonX be try to make PersonY feel better</span> and <span style=""color:red;"">the part be</span> share significant difference regarding some property.<br><span style=""color:red;"">PersonX be try to make PersonY feel better</span> and <span style=""color:red;"">PersonX be confuse about</span> share significant difference regarding some property."
28,"['PeopleX bawl', 'PersonX call to PeopleX to surrender', 'PersonY call to PeopleX to surrender']",20220516-205007-batch-0-subgraph-28.jpg,PeopleX bawl happens the same time as PersonX call to PeopleX to surrender. PeopleX bawl happens the same time as PersonY call to PeopleX to surrender.,"<span style=""color:red;"">PeopleX bawl</span> happens the same time as <span style=""color:red;"">PersonX call to PeopleX to surrender</span>.<br><span style=""color:red;"">PeopleX bawl</span> happens the same time as <span style=""color:red;"">PersonY call to PeopleX to surrender</span>."
29,"['PersonX can send PersonY back', 'PersonX be free', 'PersonY say so']",20220516-205007-batch-0-subgraph-29.jpg,"When PersonX be free happens, PersonX can send PersonY back can happen. When PersonY say so happens, PersonX can send PersonY back can happen.","When <span style=""color:red;"">PersonX be free</span> happens, <span style=""color:red;"">PersonX can send PersonY back</span> can happen.<br>When <span style=""color:red;"">PersonY say so</span> happens, <span style=""color:red;"">PersonX can send PersonY back</span> can happen."
30,"['president bill clinton put in place', 'PersonX leave office', 'PersonY leave office', 'PersonX leave office in january']",20220516-205007-batch-0-subgraph-30.jpg,president bill clinton put in place happens before PersonX leave office. president bill clinton put in place happens before PersonY leave office. president bill clinton put in place happens before PersonX leave office in january.,"<span style=""color:red;"">president bill clinton put in place</span> happens before <span style=""color:red;"">PersonX leave office</span>.<br><span style=""color:red;"">president bill clinton put in place</span> happens before <span style=""color:red;"">PersonY leave office</span>.<br><span style=""color:red;"">president bill clinton put in place</span> happens before <span style=""color:red;"">PersonX leave office in january</span>."
31,"['the meat be flavor well', 'the bean paste', 'PersonX be a wee lass', 'PersonY be a wee lass']",20220516-205007-batch-0-subgraph-31.jpg,the bean paste happens although the meat be flavor well. PersonX be a wee lass happens although the meat be flavor well. PersonY be a wee lass happens although the meat be flavor well.,"<span style=""color:red;"">the bean paste</span> happens although <span style=""color:red;"">the meat be flavor well</span>.<br><span style=""color:red;"">PersonX be a wee lass</span> happens although <span style=""color:red;"">the meat be flavor well</span>.<br><span style=""color:red;"">PersonY be a wee lass</span> happens although <span style=""color:red;"">the meat be flavor well</span>."
32,"['PersonY must tell PersonX once', 'PersonY never mean to marry', 'PersonY wish to do so', 'PersonX shall have no time']",20220516-205007-batch-0-subgraph-32.jpg,"PersonY must tell PersonX once happens because PersonY never mean to marry. When PersonY wish to do so happens, PersonY must tell PersonX once can happen. PersonY must tell PersonX once is an alternative situation to PersonX shall have no time.","<span style=""color:red;"">PersonY must tell PersonX once</span> happens because <span style=""color:red;"">PersonY never mean to marry</span>.<br>When <span style=""color:red;"">PersonY wish to do so</span> happens, <span style=""color:red;"">PersonY must tell PersonX once</span> can happen.<br><span style=""color:red;"">PersonY must tell PersonX once</span> is an alternative situation to <span style=""color:red;"">PersonX shall have no time</span>."
33,"['PersonY will go more to sea', 'PersonY may not pass by oven', 'PersonX calleth PersonY', 'PersonY have none']",20220516-205007-batch-0-subgraph-33.jpg,PersonY will go more to sea result in PersonY may not pass by oven. PersonY will go more to sea result in PersonX calleth PersonY. PersonY will go more to sea result in PersonY have none.,"<span style=""color:red;"">PersonY will go more to sea</span> result in <span style=""color:red;"">PersonY may not pass by oven</span>.<br><span style=""color:red;"">PersonY will go more to sea</span> result in <span style=""color:red;"">PersonX calleth PersonY</span>.<br><span style=""color:red;"">PersonY will go more to sea</span> result in <span style=""color:red;"">PersonY have none</span>."
34,"['PeopleX obviously do not want to work', 'PersonX should just go home', 'PersonY should just go home', 'PersonY go to tournament']",20220516-205007-batch-0-subgraph-34.jpg,PersonX should just go home happens before PersonY go to tournament. PeopleX obviously do not want to work result in PersonX should just go home. PeopleX obviously do not want to work result in PersonY should just go home.,"<span style=""color:red;"">PersonX should just go home</span> happens before <span style=""color:red;"">PersonY go to tournament</span>.<br><span style=""color:red;"">PeopleX obviously do not want to work</span> result in <span style=""color:red;"">PersonX should just go home</span>.<br><span style=""color:red;"">PeopleX obviously do not want to work</span> result in <span style=""color:red;"">PersonY should just go home</span>."
35,"['PersonX will not recommend anyone', 'PersonY want to pay for parking', 'will PersonX return', 'PersonY want good service']",20220516-205007-batch-0-subgraph-35.jpg,"PersonX will not recommend anyone is an alternative situation to PersonY want to pay for parking. PersonX will not recommend anyone is an alternative situation to will PersonX return. When PersonY want good service happens, PersonX will not recommend anyone can happen.","<span style=""color:red;"">PersonX will not recommend anyone</span> is an alternative situation to <span style=""color:red;"">PersonY want to pay for parking</span>.<br><span style=""color:red;"">PersonX will not recommend anyone</span> is an alternative situation to <span style=""color:red;"">will PersonX return</span>.<br>When <span style=""color:red;"">PersonY want good service</span> happens, <span style=""color:red;"">PersonX will not recommend anyone</span> can happen."
36,"['a good place to try', 'PersonX be look for something', 'PersonY be look for something', 'PersonX would not go out of way']",20220516-205007-batch-0-subgraph-36.jpg,"When PersonX be look for something happens, a good place to try can happen. When PersonY be look for something happens, a good place to try can happen. a good place to try and PersonX would not go out of way share significant difference regarding some property.","When <span style=""color:red;"">PersonX be look for something</span> happens, <span style=""color:red;"">a good place to try</span> can happen.<br>When <span style=""color:red;"">PersonY be look for something</span> happens, <span style=""color:red;"">a good place to try</span> can happen.<br><span style=""color:red;"">a good place to try</span> and <span style=""color:red;"">PersonX would not go out of way</span> share significant difference regarding some property."
37,"['thing do not go smoothly', 'a deal would be reach', 'PersonX pick up the car', 'PersonY pick up the car']",20220516-205007-batch-0-subgraph-37.jpg,thing do not go smoothly and a deal would be reach both happen. thing do not go smoothly happens the same time as PersonX pick up the car. thing do not go smoothly happens the same time as PersonY pick up the car.,"<span style=""color:red;"">thing do not go smoothly</span> and <span style=""color:red;"">a deal would be reach</span> both happen.<br><span style=""color:red;"">thing do not go smoothly</span> happens the same time as <span style=""color:red;"">PersonX pick up the car</span>.<br><span style=""color:red;"">thing do not go smoothly</span> happens the same time as <span style=""color:red;"">PersonY pick up the car</span>."
38,"['PersonX be the only PersonZ in world', 'PersonY be concern', 'PersonY be go to marry PersonX', 'PersonY do of PersonX']",20220516-205007-batch-0-subgraph-38.jpg,PersonX be the only PersonZ in world happens the same time as PersonY be concern. PersonX be the only PersonZ in world and PersonY be go to marry PersonX both happen. PersonX be the only PersonZ in world happens before PersonY do of PersonX. PersonX be the only PersonZ in world and PersonY do of PersonX both happen.,"<span style=""color:red;"">PersonX be the only PersonZ in world</span> happens the same time as <span style=""color:red;"">PersonY be concern</span>.<br><span style=""color:red;"">PersonX be the only PersonZ in world</span> and <span style=""color:red;"">PersonY be go to marry PersonX</span> both happen.<br><span style=""color:red;"">PersonX be the only PersonZ in world</span> happens before <span style=""color:red;"">PersonY do of PersonX</span>.<br><span style=""color:red;"">PersonX be the only PersonZ in world</span> and <span style=""color:red;"">PersonY do of PersonX</span> both happen."
39,"['PeopleX will always push', 'PeopleX want to help', 'PersonX work through stuff', 'PersonY work through stuff']",20220516-205007-batch-0-subgraph-39.jpg,PeopleX will always push happens because PeopleX want to help. PeopleX will always push happens because PersonX work through stuff. PeopleX will always push happens because PersonY work through stuff.,"<span style=""color:red;"">PeopleX will always push</span> happens because <span style=""color:red;"">PeopleX want to help</span>.<br><span style=""color:red;"">PeopleX will always push</span> happens because <span style=""color:red;"">PersonX work through stuff</span>.<br><span style=""color:red;"">PeopleX will always push</span> happens because <span style=""color:red;"">PersonY work through stuff</span>."
40,"['PersonX be not a expert on matter', 'PersonY want to know more about history', 'PersonX know from experience', 'PersonX be of the opinion']",20220516-205007-batch-0-subgraph-40.jpg,PersonX be not a expert on matter and PersonY want to know more about history share significant difference regarding some property. PersonX be not a expert on matter and PersonX know from experience share significant difference regarding some property. PersonX be not a expert on matter and PersonX be of the opinion share significant difference regarding some property.,"<span style=""color:red;"">PersonX be not a expert on matter</span> and <span style=""color:red;"">PersonY want to know more about history</span> share significant difference regarding some property.<br><span style=""color:red;"">PersonX be not a expert on matter</span> and <span style=""color:red;"">PersonX know from experience</span> share significant difference regarding some property.<br><span style=""color:red;"">PersonX be not a expert on matter</span> and <span style=""color:red;"">PersonX be of the opinion</span> share significant difference regarding some property."
41,"['the case would be different', 'the young lady know', 'PersonX could not kill the innocent for guilty', 'PersonY could not kill the innocent for guilty']",20220516-205007-batch-0-subgraph-41.jpg,"When the young lady know happens, the case would be different can happen. the case would be different and PersonX could not kill the innocent for guilty share significant difference regarding some property. the case would be different and PersonY could not kill the innocent for guilty share significant difference regarding some property.","When <span style=""color:red;"">the young lady know</span> happens, <span style=""color:red;"">the case would be different</span> can happen.<br><span style=""color:red;"">the case would be different</span> and <span style=""color:red;"">PersonX could not kill the innocent for guilty</span> share significant difference regarding some property.<br><span style=""color:red;"">the case would be different</span> and <span style=""color:red;"">PersonY could not kill the innocent for guilty</span> share significant difference regarding some property."
42,"['PersonY want to lean on PersonX', 'PersonX will let PersonY', 'PersonY be dizzy', 'PersonY will not get dizzy']",20220516-205007-batch-0-subgraph-42.jpg,"When PersonX will let PersonY happens, PersonY want to lean on PersonX can happen. PersonY want to lean on PersonX happens after PersonY be dizzy. PersonY want to lean on PersonX result in PersonY will not get dizzy.","When <span style=""color:red;"">PersonX will let PersonY</span> happens, <span style=""color:red;"">PersonY want to lean on PersonX</span> can happen.<br><span style=""color:red;"">PersonY want to lean on PersonX</span> happens after <span style=""color:red;"">PersonY be dizzy</span>.<br><span style=""color:red;"">PersonY want to lean on PersonX</span> result in <span style=""color:red;"">PersonY will not get dizzy</span>."
43,"['PersonX would ask for PersonZ', 'PersonY go to location', 'PersonY be in the restaurant', 'PersonY have any issue']",20220516-205007-batch-0-subgraph-43.jpg,"PersonX would ask for PersonZ happens the same time as PersonY go to location. When PersonY go to location happens, PersonX would ask for PersonZ can happen. When PersonY be in the restaurant happens, PersonX would ask for PersonZ can happen. When PersonY have any issue happens, PersonX would ask for PersonZ can happen.","<span style=""color:red;"">PersonX would ask for PersonZ</span> happens the same time as <span style=""color:red;"">PersonY go to location</span>.<br>When <span style=""color:red;"">PersonY go to location</span> happens, <span style=""color:red;"">PersonX would ask for PersonZ</span> can happen.<br>When <span style=""color:red;"">PersonY be in the restaurant</span> happens, <span style=""color:red;"">PersonX would ask for PersonZ</span> can happen.<br>When <span style=""color:red;"">PersonY have any issue</span> happens, <span style=""color:red;"">PersonX would ask for PersonZ</span> can happen."
44,"['PeopleX capture skuld', 'PersonX could use PersonX magic', 'PersonY could use PersonY magic', 'PersonX like PersonY']",20220516-205007-batch-0-subgraph-44.jpg,PersonX could use PersonX magic happens after PersonX like PersonY. PeopleX capture skuld happens before PersonX could use PersonX magic. PeopleX capture skuld happens before PersonY could use PersonY magic.,"<span style=""color:red;"">PersonX could use PersonX magic</span> happens after <span style=""color:red;"">PersonX like PersonY</span>.<br><span style=""color:red;"">PeopleX capture skuld</span> happens before <span style=""color:red;"">PersonX could use PersonX magic</span>.<br><span style=""color:red;"">PeopleX capture skuld</span> happens before <span style=""color:red;"">PersonY could use PersonY magic</span>."
45,"['PersonX training come from gentoo', 'PeopleX tend to be the kind of thing', 'PersonX extend attribute', 'people do not know', 'many people do not know']",20220516-205007-batch-0-subgraph-45.jpg,"PersonX extend attribute happens because PeopleX tend to be the kind of thing. PersonX extend attribute happens because people do not know. PersonX extend attribute happens because many people do not know. When PeopleX tend to be the kind of thing happens, PersonX training come from gentoo can happen. When PersonX extend attribute happens, PersonX training come from gentoo can happen. When people do not know happens, PersonX training come from gentoo can happen. When many people do not know happens, PersonX training come from gentoo can happen.","<span style=""color:red;"">PersonX extend attribute</span> happens because <span style=""color:red;"">PeopleX tend to be the kind of thing</span>.<br><span style=""color:red;"">PersonX extend attribute</span> happens because <span style=""color:red;"">people do not know</span>.<br><span style=""color:red;"">PersonX extend attribute</span> happens because <span style=""color:red;"">many people do not know</span>.<br>When <span style=""color:red;"">PeopleX tend to be the kind of thing</span> happens, <span style=""color:red;"">PersonX training come from gentoo</span> can happen.<br>When <span style=""color:red;"">PersonX extend attribute</span> happens, <span style=""color:red;"">PersonX training come from gentoo</span> can happen.<br>When <span style=""color:red;"">people do not know</span> happens, <span style=""color:red;"">PersonX training come from gentoo</span> can happen.<br>When <span style=""color:red;"">many people do not know</span> happens, <span style=""color:red;"">PersonX training come from gentoo</span> can happen."
46,"['PersonX get antsy too', 'PersonX think to myself', 'PersonX could be make money now', 'PersonX can not exercise', 'PersonY do not act']",20220516-205007-batch-0-subgraph-46.jpg,PersonX get antsy too happens the same time as PersonX think to myself. PersonX get antsy too happens the same time as PersonX could be make money now. PersonX get antsy too happens the same time as PersonX can not exercise. PersonX can not exercise happens because PersonY do not act.,"<span style=""color:red;"">PersonX get antsy too</span> happens the same time as <span style=""color:red;"">PersonX think to myself</span>.<br><span style=""color:red;"">PersonX get antsy too</span> happens the same time as <span style=""color:red;"">PersonX could be make money now</span>.<br><span style=""color:red;"">PersonX get antsy too</span> happens the same time as <span style=""color:red;"">PersonX can not exercise</span>.<br><span style=""color:red;"">PersonX can not exercise</span> happens because <span style=""color:red;"">PersonY do not act</span>."
47,"['PersonX would meet PersonZ before', 'PersonY will not need PersonX', 'PersonY get PersonX out', 'PersonY have a pony', 'PersonY all trick out']",20220516-205007-batch-0-subgraph-47.jpg,"When PersonY have a pony happens, PersonY will not need PersonX can happen. PersonY will not need PersonX happens after PersonY all trick out. PersonX would meet PersonZ before happens before PersonY will not need PersonX. PersonX would meet PersonZ before happens before PersonY get PersonX out.","When <span style=""color:red;"">PersonY have a pony</span> happens, <span style=""color:red;"">PersonY will not need PersonX</span> can happen.<br><span style=""color:red;"">PersonY will not need PersonX</span> happens after <span style=""color:red;"">PersonY all trick out</span>.<br><span style=""color:red;"">PersonX would meet PersonZ before</span> happens before <span style=""color:red;"">PersonY will not need PersonX</span>.<br><span style=""color:red;"">PersonX would meet PersonZ before</span> happens before <span style=""color:red;"">PersonY get PersonX out</span>."
48,"['bubble bath be great', 'PersonX need to take care of PersonX', 'PersonY need to take care of PersonY', 'PersonX take care of other', 'PersonY take care of other']",20220516-205007-batch-0-subgraph-48.jpg,bubble bath be great and PersonX need to take care of PersonX share significant difference regarding some property. bubble bath be great and PersonY need to take care of PersonY share significant difference regarding some property. PersonX need to take care of PersonX happens before PersonX take care of other. PersonY need to take care of PersonY happens before PersonY take care of other.,"<span style=""color:red;"">bubble bath be great</span> and <span style=""color:red;"">PersonX need to take care of PersonX</span> share significant difference regarding some property.<br><span style=""color:red;"">bubble bath be great</span> and <span style=""color:red;"">PersonY need to take care of PersonY</span> share significant difference regarding some property.<br><span style=""color:red;"">PersonX need to take care of PersonX</span> happens before <span style=""color:red;"">PersonX take care of other</span>.<br><span style=""color:red;"">PersonY need to take care of PersonY</span> happens before <span style=""color:red;"">PersonY take care of other</span>."
49,"['receptionist be really nice', 'PersonX want to schedule a appointment', 'PersonY want to schedule a appointment', 'PersonX want to get a idea', 'PersonY want to get a idea']",20220516-205007-batch-0-subgraph-49.jpg,PersonX want to schedule a appointment and PersonX want to get a idea share significant difference regarding some property. receptionist be really nice happens before PersonX want to schedule a appointment. receptionist be really nice happens before PersonY want to schedule a appointment. PersonY want to schedule a appointment and PersonY want to get a idea share significant difference regarding some property.,"<span style=""color:red;"">PersonX want to schedule a appointment</span> and <span style=""color:red;"">PersonX want to get a idea</span> share significant difference regarding some property.<br><span style=""color:red;"">receptionist be really nice</span> happens before <span style=""color:red;"">PersonX want to schedule a appointment</span>.<br><span style=""color:red;"">receptionist be really nice</span> happens before <span style=""color:red;"">PersonY want to schedule a appointment</span>.<br><span style=""color:red;"">PersonY want to schedule a appointment</span> and <span style=""color:red;"">PersonY want to get a idea</span> share significant difference regarding some property."
50,"['PersonX wot not', 'PersonX may send thee to land', 'PersonX have no weapon', 'thou seest', 'stephen turn']",20220516-205007-batch-0-subgraph-50.jpg,PersonX wot not and PersonX may send thee to land share significant difference regarding some property. PersonX wot not and PersonX have no weapon share significant difference regarding some property. PersonX wot not and thou seest share significant difference regarding some property. stephen turn is an exception of PersonX have no weapon.,"<span style=""color:red;"">PersonX wot not</span> and <span style=""color:red;"">PersonX may send thee to land</span> share significant difference regarding some property.<br><span style=""color:red;"">PersonX wot not</span> and <span style=""color:red;"">PersonX have no weapon</span> share significant difference regarding some property.<br><span style=""color:red;"">PersonX wot not</span> and <span style=""color:red;"">thou seest</span> share significant difference regarding some property.<br><span style=""color:red;"">stephen turn</span> is an exception of <span style=""color:red;"">PersonX have no weapon</span>."
51,"['PersonX be look for close', 'PersonX check yelp', 'PersonX be new to area', 'PersonX hire', 'PeopleX book']",20220516-205007-batch-0-subgraph-51.jpg,PersonX check yelp happens before PersonX hire. PersonX check yelp happens before PeopleX book. PersonX be look for close result in PersonX check yelp. PersonX be look for close happens because PersonX be new to area.,"<span style=""color:red;"">PersonX check yelp</span> happens before <span style=""color:red;"">PersonX hire</span>.<br><span style=""color:red;"">PersonX check yelp</span> happens before <span style=""color:red;"">PeopleX book</span>.<br><span style=""color:red;"">PersonX be look for close</span> result in <span style=""color:red;"">PersonX check yelp</span>.<br><span style=""color:red;"">PersonX be look for close</span> happens because <span style=""color:red;"">PersonX be new to area</span>."
52,"['PersonX do not have to get everything', 'PersonX always be', 'PersonX do not get something', 'PersonX do not sign a contract', 'PeopleX do \\']",20220516-205007-batch-0-subgraph-52.jpg,"PersonX do not get something happens because PersonX do not sign a contract. When PeopleX do \ happens, PersonX do not get something can happen. PersonX do not have to get everything and PersonX always be share significant difference regarding some property. PersonX do not have to get everything and PersonX do not get something share significant difference regarding some property.","<span style=""color:red;"">PersonX do not get something</span> happens because <span style=""color:red;"">PersonX do not sign a contract</span>.<br>When <span style=""color:red;"">PeopleX do \</span> happens, <span style=""color:red;"">PersonX do not get something</span> can happen.<br><span style=""color:red;"">PersonX do not have to get everything</span> and <span style=""color:red;"">PersonX always be</span> share significant difference regarding some property.<br><span style=""color:red;"">PersonX do not have to get everything</span> and <span style=""color:red;"">PersonX do not get something</span> share significant difference regarding some property."
53,"['PersonY hope would be', 'PeopleX have a job', 'PeopleX sign', 'PersonX just vacate the premise', 'PersonY just vacate the premise']",20220516-205007-batch-0-subgraph-53.jpg,"PeopleX have a job result in PersonX just vacate the premise. PeopleX have a job result in PersonY just vacate the premise. When PeopleX have a job happens, PersonY hope would be can happen. PersonY hope would be is an alternative situation to PeopleX sign.","<span style=""color:red;"">PeopleX have a job</span> result in <span style=""color:red;"">PersonX just vacate the premise</span>.<br><span style=""color:red;"">PeopleX have a job</span> result in <span style=""color:red;"">PersonY just vacate the premise</span>.<br>When <span style=""color:red;"">PeopleX have a job</span> happens, <span style=""color:red;"">PersonY hope would be</span> can happen.<br><span style=""color:red;"">PersonY hope would be</span> is an alternative situation to <span style=""color:red;"">PeopleX sign</span>."
54,"[""PersonX 'd be"", 'PersonY do not advertise the fact', 'PersonX do not do', 'PersonX be to tell PersonY', 'PersonX can not help say']",20220516-205007-batch-0-subgraph-54.jpg,"When PersonY do not advertise the fact happens, PersonX 'd be can happen. When PersonX do not do happens, PersonX 'd be can happen. When PersonX be to tell PersonY happens, PersonX 'd be can happen. PersonX be to tell PersonY and PersonX can not help say share significant difference regarding some property.","When <span style=""color:red;"">PersonY do not advertise the fact</span> happens, <span style=""color:red;"">PersonX 'd be</span> can happen.<br>When <span style=""color:red;"">PersonX do not do</span> happens, <span style=""color:red;"">PersonX 'd be</span> can happen.<br>When <span style=""color:red;"">PersonX be to tell PersonY</span> happens, <span style=""color:red;"">PersonX 'd be</span> can happen.<br><span style=""color:red;"">PersonX be to tell PersonY</span> and <span style=""color:red;"">PersonX can not help say</span> share significant difference regarding some property."
55,"['PeopleX can not demonstrate', 'PeopleX be parallel', 'PeopleX can not conceive of existence', 'PersonX do PersonX best', 'PersonY do PersonY best']",20220516-205007-batch-0-subgraph-55.jpg,"When PersonX do PersonX best happens, PeopleX be parallel can happen. When PersonY do PersonY best happens, PeopleX be parallel can happen. PeopleX can not demonstrate is an alternative situation to PeopleX be parallel. PeopleX can not demonstrate and PeopleX can not conceive of existence share significant difference regarding some property.","When <span style=""color:red;"">PersonX do PersonX best</span> happens, <span style=""color:red;"">PeopleX be parallel</span> can happen.<br>When <span style=""color:red;"">PersonY do PersonY best</span> happens, <span style=""color:red;"">PeopleX be parallel</span> can happen.<br><span style=""color:red;"">PeopleX can not demonstrate</span> is an alternative situation to <span style=""color:red;"">PeopleX be parallel</span>.<br><span style=""color:red;"">PeopleX can not demonstrate</span> and <span style=""color:red;"">PeopleX can not conceive of existence</span> share significant difference regarding some property."
56,"['PersonY be think of moment', 'PersonY be so dependent on PersonX', 'PersonY have turn PersonY head', 'PersonY have to decide', 'PersonY fire']",20220516-205007-batch-0-subgraph-56.jpg,PersonY be think of moment happens because PersonY be so dependent on PersonX. PersonY be think of moment happens the same time as PersonY have turn PersonY head. PersonY be think of moment happens the same time as PersonY have to decide. PersonY have turn PersonY head happens the same time as PersonY fire.,"<span style=""color:red;"">PersonY be think of moment</span> happens because <span style=""color:red;"">PersonY be so dependent on PersonX</span>.<br><span style=""color:red;"">PersonY be think of moment</span> happens the same time as <span style=""color:red;"">PersonY have turn PersonY head</span>.<br><span style=""color:red;"">PersonY be think of moment</span> happens the same time as <span style=""color:red;"">PersonY have to decide</span>.<br><span style=""color:red;"">PersonY have turn PersonY head</span> happens the same time as <span style=""color:red;"">PersonY fire</span>."
57,"['any eye drop', 'PersonX do not like any of PeopleX', 'PersonY do not like any of PeopleX', 'PeopleX can be', 'PeopleX price be ridiculously high']",20220516-205007-batch-0-subgraph-57.jpg,any eye drop happens because PersonX do not like any of PeopleX. any eye drop happens because PersonY do not like any of PeopleX. PersonX do not like any of PeopleX happens because PeopleX can be. PersonX do not like any of PeopleX happens the same time as PeopleX price be ridiculously high. PersonY do not like any of PeopleX happens because PeopleX can be. PersonY do not like any of PeopleX happens the same time as PeopleX price be ridiculously high.,"<span style=""color:red;"">any eye drop</span> happens because <span style=""color:red;"">PersonX do not like any of PeopleX</span>.<br><span style=""color:red;"">any eye drop</span> happens because <span style=""color:red;"">PersonY do not like any of PeopleX</span>.<br><span style=""color:red;"">PersonX do not like any of PeopleX</span> happens because <span style=""color:red;"">PeopleX can be</span>.<br><span style=""color:red;"">PersonX do not like any of PeopleX</span> happens the same time as <span style=""color:red;"">PeopleX price be ridiculously high</span>.<br><span style=""color:red;"">PersonY do not like any of PeopleX</span> happens because <span style=""color:red;"">PeopleX can be</span>.<br><span style=""color:red;"">PersonY do not like any of PeopleX</span> happens the same time as <span style=""color:red;"">PeopleX price be ridiculously high</span>."
58,"['the point of movie be', 'the message be more', 'PersonX be actually a good PersonY', 'PersonY be actually a good PersonX', 'everyone say']",20220516-205007-batch-0-subgraph-58.jpg,the message be more is an alternative situation to everyone say. the point of movie be and the message be more share significant difference regarding some property. the point of movie be and PersonX be actually a good PersonY share significant difference regarding some property. the point of movie be and PersonY be actually a good PersonX share significant difference regarding some property.,"<span style=""color:red;"">the message be more</span> is an alternative situation to <span style=""color:red;"">everyone say</span>.<br><span style=""color:red;"">the point of movie be</span> and <span style=""color:red;"">the message be more</span> share significant difference regarding some property.<br><span style=""color:red;"">the point of movie be</span> and <span style=""color:red;"">PersonX be actually a good PersonY</span> share significant difference regarding some property.<br><span style=""color:red;"">the point of movie be</span> and <span style=""color:red;"">PersonY be actually a good PersonX</span> share significant difference regarding some property."
59,"['eunice smile', 'PersonX can persuade PersonY', 'PersonY can persuade PersonX', 'PersonY could persuade PersonX', 'PersonX go PersonY']",20220516-205007-batch-0-subgraph-59.jpg,"When PersonX can persuade PersonY happens, eunice smile can happen. When PersonY can persuade PersonX happens, eunice smile can happen. When PersonY could persuade PersonX happens, PersonX can persuade PersonY can happen. When PersonX go PersonY happens, PersonX can persuade PersonY can happen.","When <span style=""color:red;"">PersonX can persuade PersonY</span> happens, <span style=""color:red;"">eunice smile</span> can happen.<br>When <span style=""color:red;"">PersonY can persuade PersonX</span> happens, <span style=""color:red;"">eunice smile</span> can happen.<br>When <span style=""color:red;"">PersonY could persuade PersonX</span> happens, <span style=""color:red;"">PersonX can persuade PersonY</span> can happen.<br>When <span style=""color:red;"">PersonX go PersonY</span> happens, <span style=""color:red;"">PersonX can persuade PersonY</span> can happen."
60,"['PersonY do not like PersonY first name much', 'PersonX husband be a kid', 'PersonY use to call PersonY', 'PersonY be a mere child', 'PersonX often tell PersonY', 'PersonX go to england']",20220516-205007-batch-0-subgraph-60.jpg,PersonY use to call PersonY happens the same time as PersonY be a mere child. PersonY be a mere child happens the same time as PersonX often tell PersonY. PersonY be a mere child happens the same time as PersonX go to england. PersonY do not like PersonY first name much happens the same time as PersonX husband be a kid. PersonY do not like PersonY first name much happens because PersonX husband be a kid. PersonY do not like PersonY first name much happens because PersonY use to call PersonY.,"<span style=""color:red;"">PersonY use to call PersonY</span> happens the same time as <span style=""color:red;"">PersonY be a mere child</span>.<br><span style=""color:red;"">PersonY be a mere child</span> happens the same time as <span style=""color:red;"">PersonX often tell PersonY</span>.<br><span style=""color:red;"">PersonY be a mere child</span> happens the same time as <span style=""color:red;"">PersonX go to england</span>.<br><span style=""color:red;"">PersonY do not like PersonY first name much</span> happens the same time as <span style=""color:red;"">PersonX husband be a kid</span>.<br><span style=""color:red;"">PersonY do not like PersonY first name much</span> happens because <span style=""color:red;"">PersonX husband be a kid</span>.<br><span style=""color:red;"">PersonY do not like PersonY first name much</span> happens because <span style=""color:red;"">PersonY use to call PersonY</span>."
61,"['PersonY just want PersonX leave PersonY alone', 'PersonY say the easiest thing', 'PersonY feel guilty', 'PersonY can do PersonY job', 'PersonY should leave', 'PersonY like PersonY job']",20220516-205007-batch-0-subgraph-61.jpg,"PersonY just want PersonX leave PersonY alone result in PersonY say the easiest thing. PersonY just want PersonX leave PersonY alone happens before PersonY feel guilty. PersonY just want PersonX leave PersonY alone result in PersonY feel guilty. PersonY just want PersonX leave PersonY alone result in PersonY can do PersonY job. When PersonY should leave happens, PersonY can do PersonY job can happen. PersonY can do PersonY job and PersonY like PersonY job both happen.","<span style=""color:red;"">PersonY just want PersonX leave PersonY alone</span> result in <span style=""color:red;"">PersonY say the easiest thing</span>.<br><span style=""color:red;"">PersonY just want PersonX leave PersonY alone</span> happens before <span style=""color:red;"">PersonY feel guilty</span>.<br><span style=""color:red;"">PersonY just want PersonX leave PersonY alone</span> result in <span style=""color:red;"">PersonY feel guilty</span>.<br><span style=""color:red;"">PersonY just want PersonX leave PersonY alone</span> result in <span style=""color:red;"">PersonY can do PersonY job</span>.<br>When <span style=""color:red;"">PersonY should leave</span> happens, <span style=""color:red;"">PersonY can do PersonY job</span> can happen.<br><span style=""color:red;"">PersonY can do PersonY job</span> and <span style=""color:red;"">PersonY like PersonY job</span> both happen."
62,"['PersonX be on the football team', 'PersonX be go to be a doctor', 'PersonX have a lot', 'PersonY be a cheerleader', 'PersonX grow up', 'PersonX be big']",20220516-205007-batch-0-subgraph-62.jpg,PersonX be on the football team and PersonX be go to be a doctor both happen. PersonX be on the football team and PersonX have a lot both happen. PersonX be on the football team and PersonY be a cheerleader both happen. PersonX be go to be a doctor happens the same time as PersonX grow up. PersonX be go to be a doctor happens the same time as PersonX be big.,"<span style=""color:red;"">PersonX be on the football team</span> and <span style=""color:red;"">PersonX be go to be a doctor</span> both happen.<br><span style=""color:red;"">PersonX be on the football team</span> and <span style=""color:red;"">PersonX have a lot</span> both happen.<br><span style=""color:red;"">PersonX be on the football team</span> and <span style=""color:red;"">PersonY be a cheerleader</span> both happen.<br><span style=""color:red;"">PersonX be go to be a doctor</span> happens the same time as <span style=""color:red;"">PersonX grow up</span>.<br><span style=""color:red;"">PersonX be go to be a doctor</span> happens the same time as <span style=""color:red;"">PersonX be big</span>."
63,"['interracial relationship be wrong', 'PersonX do not hate black people', 'PersonY do not hate black people', 'PersonX be not racist', 'PersonX be a reasonable person', 'PersonY be not racist']",20220516-205007-batch-0-subgraph-63.jpg,PersonY do not hate black people and PersonY be not racist share significant difference regarding some property. PersonY do not hate black people result in PersonY be not racist. PersonX do not hate black people and PersonX be not racist share significant difference regarding some property. PersonX do not hate black people result in PersonX be not racist. PersonX do not hate black people and PersonX be a reasonable person share significant difference regarding some property. interracial relationship be wrong and PersonX do not hate black people share significant difference regarding some property. interracial relationship be wrong and PersonY do not hate black people share significant difference regarding some property.,"<span style=""color:red;"">PersonY do not hate black people</span> and <span style=""color:red;"">PersonY be not racist</span> share significant difference regarding some property.<br><span style=""color:red;"">PersonY do not hate black people</span> result in <span style=""color:red;"">PersonY be not racist</span>.<br><span style=""color:red;"">PersonX do not hate black people</span> and <span style=""color:red;"">PersonX be not racist</span> share significant difference regarding some property.<br><span style=""color:red;"">PersonX do not hate black people</span> result in <span style=""color:red;"">PersonX be not racist</span>.<br><span style=""color:red;"">PersonX do not hate black people</span> and <span style=""color:red;"">PersonX be a reasonable person</span> share significant difference regarding some property.<br><span style=""color:red;"">interracial relationship be wrong</span> and <span style=""color:red;"">PersonX do not hate black people</span> share significant difference regarding some property.<br><span style=""color:red;"">interracial relationship be wrong</span> and <span style=""color:red;"">PersonY do not hate black people</span> share significant difference regarding some property."
64,"['PersonX finding be meaningless', 'PeopleX be repost', 'finding be meaningless', 'PeopleX be take out of context', 'PersonX argument be valid', 'PersonY argument be valid']",20220516-205007-batch-0-subgraph-64.jpg,"When PeopleX be repost happens, PersonX finding be meaningless can happen. When finding be meaningless happens, PersonX finding be meaningless can happen. When PeopleX be take out of context happens, PersonX finding be meaningless can happen. When PersonX argument be valid happens, PeopleX be repost can happen. When PersonY argument be valid happens, PeopleX be repost can happen.","When <span style=""color:red;"">PeopleX be repost</span> happens, <span style=""color:red;"">PersonX finding be meaningless</span> can happen.<br>When <span style=""color:red;"">finding be meaningless</span> happens, <span style=""color:red;"">PersonX finding be meaningless</span> can happen.<br>When <span style=""color:red;"">PeopleX be take out of context</span> happens, <span style=""color:red;"">PersonX finding be meaningless</span> can happen.<br>When <span style=""color:red;"">PersonX argument be valid</span> happens, <span style=""color:red;"">PeopleX be repost</span> can happen.<br>When <span style=""color:red;"">PersonY argument be valid</span> happens, <span style=""color:red;"">PeopleX be repost</span> can happen."
65,"['PersonY be on a long term contract', 'brendan make', 'PersonX could be sure', 'PersonX can go ahead', 'PersonX just have to press', 'PersonX have marry PersonY']",20220516-205007-batch-0-subgraph-65.jpg,"When PersonX can go ahead happens, PersonX could be sure can happen. PersonX could be sure and PersonX just have to press share significant difference regarding some property. PersonX could be sure happens after PersonX have marry PersonY. PersonY be on a long term contract and brendan make share significant difference regarding some property. PersonY be on a long term contract result in PersonX could be sure.","When <span style=""color:red;"">PersonX can go ahead</span> happens, <span style=""color:red;"">PersonX could be sure</span> can happen.<br><span style=""color:red;"">PersonX could be sure</span> and <span style=""color:red;"">PersonX just have to press</span> share significant difference regarding some property.<br><span style=""color:red;"">PersonX could be sure</span> happens after <span style=""color:red;"">PersonX have marry PersonY</span>.<br><span style=""color:red;"">PersonY be on a long term contract</span> and <span style=""color:red;"">brendan make</span> share significant difference regarding some property.<br><span style=""color:red;"">PersonY be on a long term contract</span> result in <span style=""color:red;"">PersonX could be sure</span>."
66,"[""mother 's body would be stiff"", 'PersonX would have to have', 'PersonY would have to have', 'PersonY really have no idea', 'PersonY could be wrong', 'PersonX can have']",20220516-205007-batch-0-subgraph-66.jpg,PersonX would have to have and PersonY really have no idea share significant difference regarding some property. PersonX would have to have and PersonY could be wrong share significant difference regarding some property. PersonX would have to have and PersonX can have share significant difference regarding some property. PersonX would have to have and PersonX can have both happen. mother 's body would be stiff result in PersonX would have to have. mother 's body would be stiff result in PersonY would have to have.,"<span style=""color:red;"">PersonX would have to have</span> and <span style=""color:red;"">PersonY really have no idea</span> share significant difference regarding some property.<br><span style=""color:red;"">PersonX would have to have</span> and <span style=""color:red;"">PersonY could be wrong</span> share significant difference regarding some property.<br><span style=""color:red;"">PersonX would have to have</span> and <span style=""color:red;"">PersonX can have</span> share significant difference regarding some property.<br><span style=""color:red;"">PersonX would have to have</span> and <span style=""color:red;"">PersonX can have</span> both happen.<br><span style=""color:red;"">mother 's body would be stiff</span> result in <span style=""color:red;"">PersonX would have to have</span>.<br><span style=""color:red;"">mother 's body would be stiff</span> result in <span style=""color:red;"">PersonY would have to have</span>."
67,"['PersonX will sleep outside', 'PersonY do not need to worry', 'PersonY throw PersonX out', 'PersonX do now', 'PersonY can use', 'PersonX be marry']",20220516-205007-batch-0-subgraph-67.jpg,"PersonY do not need to worry happens because PersonX do now. PersonY do not need to worry happens because PersonY can use. PersonY do not need to worry happens because PersonX be marry. PersonX will sleep outside result in PersonY do not need to worry. When PersonY throw PersonX out happens, PersonX will sleep outside can happen.","<span style=""color:red;"">PersonY do not need to worry</span> happens because <span style=""color:red;"">PersonX do now</span>.<br><span style=""color:red;"">PersonY do not need to worry</span> happens because <span style=""color:red;"">PersonY can use</span>.<br><span style=""color:red;"">PersonY do not need to worry</span> happens because <span style=""color:red;"">PersonX be marry</span>.<br><span style=""color:red;"">PersonX will sleep outside</span> result in <span style=""color:red;"">PersonY do not need to worry</span>.<br>When <span style=""color:red;"">PersonY throw PersonX out</span> happens, <span style=""color:red;"">PersonX will sleep outside</span> can happen."
68,"['PersonY must have a great deal', 'PersonX should so like to know', 'PeopleX must not keep PersonY longer', 'PersonX will come back tomorrow', 'PersonX be to ask', 'PersonY be open']",20220516-205007-batch-0-subgraph-68.jpg,PersonY must have a great deal and PersonX should so like to know share significant difference regarding some property. PersonY must have a great deal result in PeopleX must not keep PersonY longer. PersonY must have a great deal result in PersonX will come back tomorrow. PersonX will come back tomorrow happens the same time as PersonY be open. PersonX should so like to know is an alternative situation to PersonX be to ask.,"<span style=""color:red;"">PersonY must have a great deal</span> and <span style=""color:red;"">PersonX should so like to know</span> share significant difference regarding some property.<br><span style=""color:red;"">PersonY must have a great deal</span> result in <span style=""color:red;"">PeopleX must not keep PersonY longer</span>.<br><span style=""color:red;"">PersonY must have a great deal</span> result in <span style=""color:red;"">PersonX will come back tomorrow</span>.<br><span style=""color:red;"">PersonX will come back tomorrow</span> happens the same time as <span style=""color:red;"">PersonY be open</span>.<br><span style=""color:red;"">PersonX should so like to know</span> is an alternative situation to <span style=""color:red;"">PersonX be to ask</span>."
69,"['PersonX do not get to do', 'PersonX should do', 'PersonX do not have a clue', 'PersonX be new', 'PeopleX could get', 'PeopleX get into room']",20220516-205007-batch-0-subgraph-69.jpg,PersonX do not get to do happens because PersonX should do. PersonX do not get to do happens because PersonX do not have a clue. PersonX do not get to do happens because PersonX be new. PersonX do not have a clue and PeopleX could get share significant difference regarding some property. PersonX do not have a clue happens after PeopleX get into room.,"<span style=""color:red;"">PersonX do not get to do</span> happens because <span style=""color:red;"">PersonX should do</span>.<br><span style=""color:red;"">PersonX do not get to do</span> happens because <span style=""color:red;"">PersonX do not have a clue</span>.<br><span style=""color:red;"">PersonX do not get to do</span> happens because <span style=""color:red;"">PersonX be new</span>.<br><span style=""color:red;"">PersonX do not have a clue</span> and <span style=""color:red;"">PeopleX could get</span> share significant difference regarding some property.<br><span style=""color:red;"">PersonX do not have a clue</span> happens after <span style=""color:red;"">PeopleX get into room</span>."
70,"['the term of loan mean', 'PersonX could lose PersonX house', 'PersonY could lose PersonY house', 'PersonX miss a payment', 'the promo period end', 'PersonX didn t']",20220516-205007-batch-0-subgraph-70.jpg,"When PersonX could lose PersonX house happens, the term of loan mean can happen. When PersonY could lose PersonY house happens, the term of loan mean can happen. When PersonX miss a payment happens, the term of loan mean can happen. PersonX miss a payment is an alternative situation to the promo period end. PersonX miss a payment happens because PersonX didn t.","When <span style=""color:red;"">PersonX could lose PersonX house</span> happens, <span style=""color:red;"">the term of loan mean</span> can happen.<br>When <span style=""color:red;"">PersonY could lose PersonY house</span> happens, <span style=""color:red;"">the term of loan mean</span> can happen.<br>When <span style=""color:red;"">PersonX miss a payment</span> happens, <span style=""color:red;"">the term of loan mean</span> can happen.<br><span style=""color:red;"">PersonX miss a payment</span> is an alternative situation to <span style=""color:red;"">the promo period end</span>.<br><span style=""color:red;"">PersonX miss a payment</span> happens because <span style=""color:red;"">PersonX didn t</span>."
71,"['PersonX only hate PersonY', 'PersonY play PeopleX', 'PersonY be play PeopleX', 'PersonX hate people', 'PersonX do not really know', 'PersonY have people over PeopleX']",20220516-205007-batch-0-subgraph-71.jpg,PersonX only hate PersonY happens the same time as PersonY play PeopleX. PersonX only hate PersonY happens the same time as PersonY be play PeopleX. PersonX only hate PersonY happens because PersonX hate people. PersonY be play PeopleX and PersonX do not really know share significant difference regarding some property. PersonY be play PeopleX happens the same time as PersonY have people over PeopleX.,"<span style=""color:red;"">PersonX only hate PersonY</span> happens the same time as <span style=""color:red;"">PersonY play PeopleX</span>.<br><span style=""color:red;"">PersonX only hate PersonY</span> happens the same time as <span style=""color:red;"">PersonY be play PeopleX</span>.<br><span style=""color:red;"">PersonX only hate PersonY</span> happens because <span style=""color:red;"">PersonX hate people</span>.<br><span style=""color:red;"">PersonY be play PeopleX</span> and <span style=""color:red;"">PersonX do not really know</span> share significant difference regarding some property.<br><span style=""color:red;"">PersonY be play PeopleX</span> happens the same time as <span style=""color:red;"">PersonY have people over PeopleX</span>."
72,"['the sentiment be still the same', 'PersonX do not use the word', 'PersonY do not use the word', 'PersonX have always think', 'PersonY provide none', 'PersonX can be arrest']",20220516-205007-batch-0-subgraph-72.jpg,"PersonX do not use the word and PersonX have always think share significant difference regarding some property. PersonX do not use the word happens because PersonY provide none. When PersonX can be arrest happens, PersonX do not use the word can happen. When PersonX do not use the word happens, the sentiment be still the same can happen. When PersonY do not use the word happens, the sentiment be still the same can happen.","<span style=""color:red;"">PersonX do not use the word</span> and <span style=""color:red;"">PersonX have always think</span> share significant difference regarding some property.<br><span style=""color:red;"">PersonX do not use the word</span> happens because <span style=""color:red;"">PersonY provide none</span>.<br>When <span style=""color:red;"">PersonX can be arrest</span> happens, <span style=""color:red;"">PersonX do not use the word</span> can happen.<br>When <span style=""color:red;"">PersonX do not use the word</span> happens, <span style=""color:red;"">the sentiment be still the same</span> can happen.<br>When <span style=""color:red;"">PersonY do not use the word</span> happens, <span style=""color:red;"">the sentiment be still the same</span> can happen."
73,"['PeopleX ask the manager for bill', 'PersonX come to tell PeopleX', 'PersonY come to tell PeopleX', 'PeopleX can try', 'time PersonY order a drink', 'PersonY get up']",20220516-205007-batch-0-subgraph-73.jpg,PersonX come to tell PeopleX and PeopleX can try share significant difference regarding some property. PersonX come to tell PeopleX is a preferred alternative situation to PeopleX can try. PersonX come to tell PeopleX and time PersonY order a drink share significant difference regarding some property. PersonX come to tell PeopleX is a preferred alternative situation to time PersonY order a drink. PersonX come to tell PeopleX happens before PersonY get up. PeopleX ask the manager for bill and PersonX come to tell PeopleX share significant difference regarding some property. PeopleX ask the manager for bill and PersonY come to tell PeopleX share significant difference regarding some property. PersonY come to tell PeopleX and PeopleX can try share significant difference regarding some property. PersonY come to tell PeopleX is a preferred alternative situation to PeopleX can try.,"<span style=""color:red;"">PersonX come to tell PeopleX</span> and <span style=""color:red;"">PeopleX can try</span> share significant difference regarding some property.<br><span style=""color:red;"">PersonX come to tell PeopleX</span> is a preferred alternative situation to <span style=""color:red;"">PeopleX can try</span>.<br><span style=""color:red;"">PersonX come to tell PeopleX</span> and <span style=""color:red;"">time PersonY order a drink</span> share significant difference regarding some property.<br><span style=""color:red;"">PersonX come to tell PeopleX</span> is a preferred alternative situation to <span style=""color:red;"">time PersonY order a drink</span>.<br><span style=""color:red;"">PersonX come to tell PeopleX</span> happens before <span style=""color:red;"">PersonY get up</span>.<br><span style=""color:red;"">PeopleX ask the manager for bill</span> and <span style=""color:red;"">PersonX come to tell PeopleX</span> share significant difference regarding some property.<br><span style=""color:red;"">PeopleX ask the manager for bill</span> and <span style=""color:red;"">PersonY come to tell PeopleX</span> share significant difference regarding some property.<br><span style=""color:red;"">PersonY come to tell PeopleX</span> and <span style=""color:red;"">PeopleX can try</span> share significant difference regarding some property.<br><span style=""color:red;"">PersonY come to tell PeopleX</span> is a preferred alternative situation to <span style=""color:red;"">PeopleX can try</span>."
74,"['PersonY have to save', 'PersonY get a grip', 'PersonY save', 'all PersonY want to do', 'PersonY be in the end zone', 'joe throw']",20220516-205007-batch-0-subgraph-74.jpg,"all PersonY want to do happens the same time as PersonY be in the end zone. all PersonY want to do happens the same time as joe throw. When PersonY get a grip happens, PersonY have to save can happen. When PersonY save happens, PersonY have to save can happen. PersonY have to save and all PersonY want to do share significant difference regarding some property.","<span style=""color:red;"">all PersonY want to do</span> happens the same time as <span style=""color:red;"">PersonY be in the end zone</span>.<br><span style=""color:red;"">all PersonY want to do</span> happens the same time as <span style=""color:red;"">joe throw</span>.<br>When <span style=""color:red;"">PersonY get a grip</span> happens, <span style=""color:red;"">PersonY have to save</span> can happen.<br>When <span style=""color:red;"">PersonY save</span> happens, <span style=""color:red;"">PersonY have to save</span> can happen.<br><span style=""color:red;"">PersonY have to save</span> and <span style=""color:red;"">all PersonY want to do</span> share significant difference regarding some property."
